Address,City,Price,Beds,Baths,SqFt,Lot Size,Year Built,Sold Date,Listing Status,URL
3548 Ryan Dr,Escondido,1751000,4,3.5,3759,43995,1982,1748502000000,Sold,https://www.redfin.com/CA/Escondido/3548-Ryan-Dr-92025/home/4197773
18127 Mirasol Dr,San Diego,1350000,4,2.0,2113,8500,1964,1745218800000,Closed Sale,https://www.redfin.com/CA/San-Diego/18127-Mirasol-Dr-92128/home/4201344
13356 Corte De Comares,San Diego,915000,3,2.0,1630,N/A,1987,1747378800000,Sold,https://www.redfin.com/CA/San-Diego/13356-Corte-de-Comares-92128/home/4214284
16630 Diaz Dr,San Diego,720000,2,2.0,1358,302182,1970,1749625200000,Sold,https://www.redfin.com/CA/San-Diego/16630-Diaz-Dr-92128/home/4242392
12065 Callado Rd,San Diego,965000,2,2.0,1518,8100,1985,1746687600000,Sold,https://www.redfin.com/CA/San-Diego/12065-Callado-Rd-92128/home/4246068
12226 Kingsgate Sq,San Diego,1862500,4,2.5,3104,9209,1986,1746169200000,Sold,https://www.redfin.com/CA/San-Diego/12226-Kingsgate-Sq-92128/home/4256418
12176 Sand Trap Row,San Diego,1435000,3,2.0,1586,5379,1986,1744182000000,Sold,https://www.redfin.com/CA/San-Diego/12176-Sand-Trap-Row-92128/home/4258470
13070 Via Grimaldi,Del Mar,3280000,4,3.0,3055,13510,1976,1746082800000,Sold,https://www.redfin.com/CA/Del-Mar/13070-Via-Grimaldi-92014/home/4433626
2268 Del Mar Scenic Pkwy,Del Mar,2125000,3,3.5,2234,N/A,1975,1743145200000,Sold,https://www.redfin.com/CA/Del-Mar/2268-Del-Mar-Scenic-Pkwy-92014/home/4439115
14241 Via Baroda,San Diego,2750000,5,4.0,3428,344124,1990,1747119600000,Closed Sale,https://www.redfin.com/CA/San-Diego/14241-Via-Baroda-92130/home/4450399
3510 Voyager Cir,San Diego,840000,2,2.0,1240,N/A,1985,1748588400000,Sold,https://www.redfin.com/CA/San-Diego/3510-Voyager-Cir-92130/home/4458822
13292 Seagrove St,San Diego,3800000,6,3.5,4485,8253,1999,1750402800000,Sold,https://www.redfin.com/CA/San-Diego/13292-Seagrove-St-92130/home/4480537
3621 Caminito Carmel Lndg,San Diego,995000,2,2.0,1066,N/A,1985,1745564400000,Closed Sale,https://www.redfin.com/CA/San-Diego/3621-Caminito-Carmel-Lndg-92130/home/4500931
12641 Monterey Cypress Way,San Diego,3024650,6,3.0,3273,9589,1987,1743145200000,Sold,https://www.redfin.com/CA/San-Diego/12641-Monterey-Cypress-Way-92130/home/4505901
11136 Caminito Rodar,San Diego,1150000,4,3.0,2169,51106,1992,1748415600000,Sold,https://www.redfin.com/CA/San-Diego/11136-Caminito-Rodar-92126/home/4523766
11195 Camino Ruiz #84,San Diego,425000,1,1.0,572,N/A,1985,1747983600000,Sold,https://www.redfin.com/CA/San-Diego/11195-Camino-Ruiz-92126/unit-84/home/4539053
8454 Hopseed Ln,San Diego,2200000,5,4.0,2710,N/A,1992,1745564400000,Sold,https://www.redfin.com/CA/San-Diego/8454-Hopseed-Ln-92129/home/4547496
7210 Calle Cristobal #4,San Diego,634000,2,2.0,1114,185160,1991,1744959600000,Sold,https://www.redfin.com/CA/San-Diego/7210-Calle-Cristobal-92126/unit-4/home/4559495
7234 Canyon Hill Ct,San Diego,1370000,4,3.0,1871,9667,1984,1744009200000,Sold,https://www.redfin.com/CA/San-Diego/7234-Canyon-Hill-Ct-92126/home/4590288
10604 Granby Way,San Diego,1240000,3,2.5,1448,4721,1988,1749538800000,Sold,https://www.redfin.com/CA/San-Diego/10604-Granby-Way-92126/home/4591389
10695 Penara St,San Diego,1300000,4,2.5,1920,4512,1993,1745218800000,Sold,https://www.redfin.com/CA/San-Diego/10695-Penara-St-92126/home/4593340
9120 Oviedo St,San Diego,1100000,3,2.0,1798,6091,1982,1743750000000,Closed Sale,https://www.redfin.com/CA/San-Diego/9120-Oviedo-St-92129/home/4601928
11745 Via Chona,San Diego,1300000,3,2.0,1991,N/A,1984,1744268400000,Sold,https://www.redfin.com/CA/San-Diego/11745-Via-Chona-92128/home/4632441
15609 Via Marchena,San Diego,1155000,3,2.5,1765,N/A,1987,1743058800000,Sold,https://www.redfin.com/CA/San-Diego/15609-Via-Marchena-92128/home/4641789
12194 Waverly Downs Ln,San Diego,1195000,3,2.0,1456,9693,1988,1747206000000,Sold,https://www.redfin.com/CA/San-Diego/12194-Waverly-Downs-Ln-92128/home/4661246
13519 Hike Ln,San Diego,1285000,4,3.0,1877,3869,1984,1750230000000,Sold,https://www.redfin.com/CA/San-Diego/13519-Hike-Ln-92129/home/4761770
13202 Salmon River Rd #205,San Diego,635000,2,2.0,927,136460,1987,1744095600000,Sold,https://www.redfin.com/CA/San-Diego/13202-Salmon-River-Rd-92129/unit-205/home/4768736
12256 Old Stone Rd,Poway,1072000,5,3.0,1946,31798,1956,1747119600000,Sold,https://www.redfin.com/CA/Poway/12256-Old-Stone-Rd-92064/home/4785905
10965 Canis Ln,San Diego,700000,3,1.0,1006,5800,1973,1748415600000,Sold,https://www.redfin.com/CA/San-Diego/10965-Canis-Ln-92126/home/4798438
10675 Lakecrest Pt,San Diego,1680000,4,2.5,3058,N/A,1983,1745823600000,Sold,https://www.redfin.com/CA/San-Diego/10675-Lakecrest-Pt-92131/home/4813522
10721 Oakbend Dr,San Diego,2200000,4,3.5,3233,10829,1985,1749625200000,Sold,https://www.redfin.com/CA/San-Diego/10721-Oakbend-Dr-92131/home/4815093
11998 Eastglen St,San Diego,1250000,3,2.0,1248,7731,1984,1744959600000,Sold,https://www.redfin.com/CA/San-Diego/11998-Eastglen-St-92131/home/4815349
10618 Wincheck Rd,San Diego,1405000,4,2.5,1764,4807,1996,1749452400000,Sold,https://www.redfin.com/CA/San-Diego/10618-Wincheck-Rd-92131/home/4822657
11204 Walking Fern,San Diego,1915000,5,3.0,2680,6578,1996,1744614000000,Closed Sale,https://www.redfin.com/CA/San-Diego/11204-Walking-Fern-Cv-92131/home/4824681
11121 Caminito Arcada,San Diego,977880,3,2.5,1269,14495,1998,1747897200000,Closed Sale,https://www.redfin.com/CA/San-Diego/11121-Caminito-Arcada-92131/home/4826403
11710 Candy Rose Way,San Diego,1850000,4,2.5,2770,9055,1998,1746774000000,Sold,https://www.redfin.com/CA/San-Diego/11710-Candy-Rose-Way-92131/home/4827942
10935 Caminito Arboles,San Diego,1400000,4,2.5,1903,N/A,1996,1746687600000,Sold,https://www.redfin.com/CA/San-Diego/10935-Caminito-Arboles-92131/home/4833190
10241 Saluda,Mira Mesa,1100000,3,2.0,1383,5000,1972,1747378800000,Closed Sale,https://www.redfin.com/CA/San-Diego/10241-Saluda-Ave-92126/home/4851087
8965 Cliffridge Ave,La Jolla,2075000,3,2.0,1655,8000,1958,1746601200000,Sold,https://www.redfin.com/CA/La-Jolla/8965-Cliffridge-Ave-92037/home/4864657
8944 Caminito Fresco,La Jolla,1250000,3,2.5,1776,2177,1972,1748329200000,Sold,https://www.redfin.com/CA/La-Jolla/8944-Caminito-Fresco-92037/home/4865385
8553 El Paseo Grande,La Jolla,5300000,4,4.0,2839,6363,1969,1749625200000,Sold,https://www.redfin.com/CA/La-Jolla/8553-El-Paseo-Grande-92037/home/4875840
2045 Lowry Pl,La Jolla,5800000,3,3.0,3094,5674,2021,1750402800000,Closed Sale,https://www.redfin.com/CA/La-Jolla/2045-Lowry-Pl-92037/home/4878054
3176 Bremerton Pl,La Jolla,2307500,4,3.0,1676,9800,1960,1745564400000,Closed Sale,https://www.redfin.com/CA/La-Jolla/3176-Bremerton-Pl-92037/home/4881253
8490 Via Sonoma #12,La Jolla,825000,2,1.5,1074,N/A,1978,1746774000000,Sold,https://www.redfin.com/CA/La-Jolla/8490-Via-Sonoma-92037/unit-12/home/4883113
8274 Caminito Modena,La Jolla,1050000,3,2.5,1416,167529,1978,1747033200000,Sold,https://www.redfin.com/CA/La-Jolla/8274-Caminito-Modena-92037/home/4883915
8085 Caminito Mallorca,La Jolla,1025000,3,2.5,1559,N/A,1979,1744095600000,Sold,https://www.redfin.com/CA/La-Jolla/8085-Caminito-Mallorca-92037/home/4885855
6330 Genesee Ave #319,San Diego,375000,1,1.0,578,106921,1985,1747033200000,Closed Sale,https://www.redfin.com/CA/San-Diego/6330-Genesee-Ave-92122/unit-319/home/4892605
6174 Agee St #79,San Diego,500000,1,1.0,692,N/A,1976,1750230000000,Sold,https://www.redfin.com/CA/San-Diego/6174-Agee-St-92122/unit-79/home/4893440
4966 Lakewood Ct,San Diego,1701000,4,3.0,3070,8747,1984,1744614000000,Closed Sale,https://www.redfin.com/CA/San-Diego/4966-Lakewood-Ct-92122/home/4900297
939 Coast Blvd Unit 18A,La Jolla,3260000,2,2.0,2312,36755,1966,1748329200000,Sold,https://www.redfin.com/CA/La-Jolla/939-Coast-Blvd-92037/unit-18A/home/4905648
7811 Eads Ave #213,La Jolla,1368000,2,2.0,1121,N/A,1971,1744182000000,Sold,https://www.redfin.com/CA/La-Jolla/7811-Eads-Ave-92037/unit-213/home/4905883
605 Rushville St,La Jolla,2235000,2,2.0,1530,189093960,1931,1747206000000,Sold,https://www.redfin.com/CA/La-Jolla/605-Rushville-St-92037/home/4914489
7227 Fay Ave,La Jolla,3500000,7,5.0,2798,8562,2006,1747638000000,Sold,https://www.redfin.com/CA/La-Jolla/7227-Fay-Ave-92037/home/4914626
6653 Neptune,La Jolla,1335000,3,6.0,3124,N/A,2012,1744614000000,Sold,https://www.redfin.com/CA/La-Jolla/6653-Neptune-Pl-92037/home/4916460
522 Gravilla Pl,La Jolla,2600000,3,2.0,1627,N/A,1960,1744700400000,Sold,https://www.redfin.com/CA/La-Jolla/522-Gravilla-Pl-92037/home/4917654
6631 Avenida Mirola,La Jolla,2850000,3,2.5,2152,9100,1955,1748588400000,Sold,https://www.redfin.com/CA/La-Jolla/6631-Avenida-Mirola-92037/home/4917933
6455 La Jolla Blvd #138,La Jolla,890000,2,2.0,989,135900,1970,1744614000000,Sold,https://www.redfin.com/CA/La-Jolla/6455-La-Jolla-Blvd-92037/unit-138/home/4919302
1090 SOLYMAR,La Jolla,10500000,6,6.5,6979,47916,1974,1745218800000,Sold,https://www.redfin.com/CA/La-Jolla/1090-Solymar-Dr-92037/home/4919829
7351 Draper Ave,La Jolla,2350000,3,2.5,1933,N/A,1994,1746428400000,Closed Sale,https://www.redfin.com/CA/La-Jolla/7351-Draper-Ave-92037/home/4919876
887 La Jolla Rancho Rd,La Jolla,4900000,5,5.0,3786,11400,1961,1744182000000,Sold,https://www.redfin.com/CA/La-Jolla/887-La-Jolla-Rancho-Rd-92037/home/4934839
5791 La Jolla Corona Dr,La Jolla,4550000,4,4.0,3475,8789,2007,1744700400000,Sold,https://www.redfin.com/CA/La-Jolla/5791-La-Jolla-Corona-Dr-92037/home/4938864
4539 La Crosse,San Diego,990500,3,1.5,1052,N/A,1956,1745391600000,Sold,https://www.redfin.com/CA/San-Diego/4539-La-Crosse-Ave-92117/home/4950283
4793 Leathers St,San Diego,1545000,5,2.5,2927,12300,1975,1748415600000,Sold,https://www.redfin.com/CA/San-Diego/4793-Leathers-St-92117/home/4951979
2710 Ariane Dr #2,San Diego,575000,1,1.0,810,323630,1981,1749193200000,Sold,https://www.redfin.com/CA/San-Diego/2710-Ariane-Dr-92117/unit-2/home/4952242
4311 Samoset Ave,San Diego,925000,2,1.0,780,6300,1954,1743663600000,Sold,https://www.redfin.com/CA/San-Diego/4311-Samoset-Ave-92117/home/4956726
4538 Cochise Way,San Diego,1300000,4,2.0,1472,6300,1954,1747378800000,Sold,https://www.redfin.com/CA/San-Diego/4538-Cochise-Way-92117/home/4958413
4504 Onondaga Ave,San Diego,835000,4,2.0,1235,7405,1954,1745996400000,Sold,https://www.redfin.com/CA/San-Diego/4504-Onondaga-Ave-92117/home/4958489
4463 Clairemont Dr,San Diego,1140000,3,2.0,1589,14200,1956,1745910000000,Sold,https://www.redfin.com/CA/San-Diego/4463-Clairemont-Dr-92117/home/4958671
4772 Mount Gaywas Dr,San Diego,975000,4,2.0,1281,6300,1960,1748415600000,Sold,https://www.redfin.com/CA/San-Diego/4772-Mount-Gaywas-Dr-92117/home/4960538
4443 Mount Castle Ave,San Diego,1043800,3,2.0,1188,6400,1958,1745910000000,Sold,https://www.redfin.com/CA/San-Diego/4443-Mount-Castle-Ave-92117/home/4961280
5229 Triana St,San Diego,1700000,5,4.0,2241,5700,1960,1743145200000,Closed Sale,https://www.redfin.com/CA/San-Diego/5229-Triana-St-92117/home/4964426
5215 Triana St,San Diego,1149000,5,2.0,1616,N/A,1960,1745996400000,Sold,https://www.redfin.com/CA/San-Diego/5215-Triana-St-92117/home/4964427
4550 Cheshire St,San Diego,1125000,3,2.0,1293,5200,1963,1744354800000,Closed Sale,https://www.redfin.com/CA/San-Diego/4550-Cheshire-St-92117/home/4964854
4729 Lithrop Pl,San Diego,915000,3,2.0,1125,9600,1965,1749625200000,Sold,https://www.redfin.com/CA/San-Diego/4729-Lithrop-Pl-92117/home/4966450
5838 Birkdale Way,San Diego,1100000,3,2.0,1436,5700,1966,1743663600000,Sold,https://www.redfin.com/CA/San-Diego/5838-Birkdale-Way-92117/home/4970177
10207 Veracruz Ct,San Diego,1100000,3,2.0,1570,N/A,1972,1744786800000,Sold,https://www.redfin.com/CA/San-Diego/10207-Veracruz-Ct-92124/home/4982183
9755 Caminito Del Marfil,San Diego,625000,2,2.5,1512,N/A,1978,1744959600000,Sold,https://www.redfin.com/CA/San-Diego/9755-Caminito-del-Marfil-92124/home/4983484
6039 Portobelo Ct,San Diego,981000,2,2.5,1427,N/A,1980,1747292400000,Sold,https://www.redfin.com/CA/San-Diego/6039-Portobelo-Ct-92124/home/4992140
4748 Renovo Way,San Diego,990000,2,2.5,1913,2207,1981,1744095600000,Sold,https://www.redfin.com/CA/San-Diego/4748-Renovo-Way-92124/home/4993001
5161 Camino Playa Portofino,San Diego,1325000,3,2.5,1826,N/A,1989,1748329200000,Sold,https://www.redfin.com/CA/San-Diego/5161-Camino-Playa-Portofino-92124/home/4995729
1164 Opal St,San Diego,2600000,4,2.5,2040,6100,1994,1744182000000,Sold,https://www.redfin.com/CA/San-Diego/1164-Opal-St-92109/home/5127612
4944 Cass St #510,San Diego,995000,2,2.0,1055,N/A,1973,1749798000000,Sold,https://www.redfin.com/CA/San-Diego/4944-Cass-St-92109/unit-510/home/5129285
1340 Loring St,San Diego,2020000,3,2.0,1427,6600,1958,1749193200000,Sold,https://www.redfin.com/CA/San-Diego/1340-Loring-St-92109/home/5136020
4750 Noyes St #123,San Diego,525000,1,1.0,620,42581,1977,1747724400000,Sold,https://www.redfin.com/CA/San-Diego/4750-Noyes-St-92109/unit-123/home/5141541
4876 Pacifica Dr,San Diego,2000000,3,2.0,1792,N/A,1961,1748415600000,Sold,https://www.redfin.com/CA/San-Diego/4876-Pacifica-Dr-92109/home/5146322
4859 Bella Pacific Row #228,San Diego,750000,2,2.0,1110,80527,1987,1746428400000,Sold,https://www.redfin.com/CA/San-Diego/4859-Bella-Pacific-Row-92109/unit-228/home/5148014
5001 Mt. Ararat Sr.,San Diego,965000,3,2.0,1645,N/A,1973,1750402800000,Sold,https://www.redfin.com/CA/San-Diego/5001-Mount-Ararat-Dr-92111/home/5153203
5695 Caminito Katerina,San Diego,715000,2,1.5,1000,N/A,1973,1743750000000,Sold,https://www.redfin.com/CA/San-Diego/5695-Caminito-Katerina-92111/home/5157624
3721 Mount Ashmun Pl,San Diego,1200000,4,2.0,1596,N/A,1976,1749538800000,Sold,https://www.redfin.com/CA/San-Diego/3721-Mount-Ashmun-Pl-92111/home/5161674
7142 Frakes St,San Diego,894400,3,2.0,1232,5500,1960,1745305200000,Sold,https://www.redfin.com/CA/San-Diego/7142-Frakes-St-92111/home/5166043
3460 Beagle Ct,San Diego,1185000,4,2.0,1308,9500,1959,1749798000000,Sold,https://www.redfin.com/CA/San-Diego/3460-Beagle-Ct-92111/home/5167501
4535 La Cuenta Dr,San Diego,1676000,4,2.0,2174,9300,1978,1746428400000,Sold,https://www.redfin.com/CA/San-Diego/4535-La-Cuenta-Dr-92124/home/5172399
3826 Bayside Walk,San Diego,3000000,2,2.5,1357,1657,2017,1745478000000,Sold,https://www.redfin.com/CA/San-Diego/3826-Bayside-Walk-92109/home/5182562
2990 Mission Blvd #203,San Diego,687500,1,1.0,540,N/A,1975,1745391600000,Sold,https://www.redfin.com/CA/San-Diego/2990-Mission-Blvd-92109/unit-203/home/5185752
2930 Cowley Way #101,San Diego,735000,2,2.0,1364,N/A,1982,1749538800000,Sold,https://www.redfin.com/CA/San-Diego/2930-Cowley-Way-92117/unit-101/home/5204312
4455 Gesner St,San Diego,1715000,3,2.5,1991,2871,1982,1745305200000,Sold,https://www.redfin.com/CA/San-Diego/4455-Gesner-St-92117/home/5204698
3150 W Fox Run Way,San Diego,1070000,3,2.5,1630,2736,1983,1743750000000,Closed Sale,https://www.redfin.com/CA/San-Diego/3150-W-Fox-Run-Way-92111/home/5206708
3271 Atlas St,San Diego,810000,3,2.0,1112,5500,1958,1749020400000,Sold,https://www.redfin.com/CA/San-Diego/3271-Atlas-St-92111/home/5207337
8751 Chantilly Ave,San Diego,902000,6,2.0,1762,6700,1960,1746687600000,Sold,https://www.redfin.com/CA/San-Diego/8751-Chantilly-Ave-92123/home/5211098
9209 Village Glen Dr #241,San Diego,570000,2,1.0,912,138464,1980,1744786800000,Sold,https://www.redfin.com/CA/San-Diego/9209-Village-Glen-Dr-92123/unit-241/home/5211550
9230 Irvington Ave,San Diego,1220000,4,3.0,1605,N/A,1959,1749452400000,Sold,https://www.redfin.com/CA/San-Diego/9230-Irvington-Ave-92123/home/5213231
9295 Rebecca Ave,San Diego,1099000,3,2.0,1536,6500,1959,1742972400000,Sold,https://www.redfin.com/CA/San-Diego/9295-Rebecca-Ave-92123/home/5214079
9367 Angwin Pl,San Diego,1022405,4,2.0,1924,6000,1960,1744268400000,Sold,https://www.redfin.com/CA/San-Diego/9367-Angwin-Pl-92123/home/5215153
2212 Denver St,San Diego,925000,2,1.0,605,N/A,1941,1744354800000,Sold,https://www.redfin.com/CA/San-Diego/2212-Denver-St-92110/home/5216863
2660 Deerpark Dr,San Diego,1540000,3,2.0,1431,7600,1952,1744354800000,Closed Sale,https://www.redfin.com/CA/San-Diego/2660-Deerpark-Dr-92110/home/5220101
1933 Drescher St,San Diego,849000,2,1.0,750,5800,1942,1746428400000,Sold,https://www.redfin.com/CA/San-Diego/1933-Drescher-St-92111/home/5222101
6335 Caminito Del Pastel,San Diego,755000,2,1.5,1175,N/A,1986,1745391600000,Sold,https://www.redfin.com/CA/San-Diego/6335-Caminito-del-Pastel-92111/home/5224725
2032 Crandall Dr,San Diego,750000,3,2.0,1075,11900,1960,1748502000000,Sold,https://www.redfin.com/CA/San-Diego/2032-Crandall-Dr-92111/home/5225992
5605 Friars Rd #312,San Diego,407000,1,1.0,695,300802,1981,1747983600000,Sold,https://www.redfin.com/CA/San-Diego/5605-Friars-Rd-92110/unit-312/home/5240927
8059 Caminito De Pizza Unit F,San Diego,200000,1,1.0,726,458715,1975,1743145200000,Closed Sale,https://www.redfin.com/CA/San-Diego/8059-Caminito-de-Pizza-92108/unit-F/home/5257380
2220 Camino De La Reina #110,San Diego,655000,2,2.0,1025,N/A,1992,1747724400000,Sold,https://www.redfin.com/CA/San-Diego/2220-Camino-de-la-Reina-92108/unit-110/home/5260299
5052 35th St,San Diego,1490000,4,3.0,1644,6065,1950,1747724400000,Sold,https://www.redfin.com/CA/San-Diego/5052-35th-St-92116/home/5265793
5027 Mountain View Dr,San Diego,1232000,4,2.0,1763,8349,1936,1746082800000,Closed Sale,https://www.redfin.com/CA/San-Diego/5027-E-Mountain-View-Dr-92116/home/5266168
5218 Marlborough Dr,San Diego,1674000,2,2.0,1656,8397,1930,1749193200000,Sold,https://www.redfin.com/CA/San-Diego/5218-Marlborough-Dr-92116/home/5266775
4052 Alder Dr,San Diego,1660000,3,2.0,1399,3228,1926,1744873200000,Sold,https://www.redfin.com/CA/San-Diego/4052-Alder-Dr-92116/home/5270377
4679 Wilson Ave,San Diego,849000,2,1.0,719,1800,1922,1745564400000,Sold,https://www.redfin.com/CA/San-Diego/4679-Wilson-Ave-92116/home/5271126
3098 Rue Dorleans #326,San Diego,735000,2,2.0,1250,106896,1980,1747292400000,Closed Sale,https://www.redfin.com/CA/San-Diego/3098-Rue-Dorleans-92110/unit-326/home/5272848
3050 Rue Dorleans #305,San Diego,600000,2,1.0,862,357719,1969,1747292400000,Sold,https://www.redfin.com/CA/San-Diego/3050-Rue-Dorleans-92110/unit-305/home/5273401
1621 Hotel Cir S Unit E128,San Diego,425000,1,1.0,700,206887,1972,1744873200000,Sold,https://www.redfin.com/CA/San-Diego/1621-Hotel-Cir-S-92108/unit-E128/home/5278709
2219 La Callecita,San Diego,1552500,2,1.5,1643,7100,1930,1747206000000,Sold,https://www.redfin.com/CA/San-Diego/2219-La-Callecita-92103/home/5281409
3995 Hortensia St Unit G6,San Diego,650000,2,2.0,780,10735,1987,1748329200000,Sold,https://www.redfin.com/CA/San-Diego/3995-Hortensia-St-92110/unit-G6/home/5283248
3985 Normal #1,San Diego,775000,2,2.0,1025,N/A,1992,1747897200000,Sold,https://www.redfin.com/CA/San-Diego/3985-Normal-St-92103/unit-1/home/5306064
4403 Idaho,San Diego,790000,2,1.0,780,4500,1928,1743577200000,Sold,https://www.redfin.com/CA/San-Diego/4403-Idaho-St-92116/home/5308999
3837 37th St,San Diego,1285000,4,3.0,N/A,N/A,1930,1742799600000,Sold,https://www.redfin.com/CA/San-Diego/3837-37th-St-92105/home/5321680
3512 Dwight St,San Diego,560000,1,1.0,504,3021,1946,1745910000000,Sold,https://www.redfin.com/CA/San-Diego/3512-Dwight-St-92104/home/5326026
3636 Wawona Dr,San Diego,1565000,3,2.0,1441,5200,1958,1746428400000,Sold,https://www.redfin.com/CA/San-Diego/3636-Wawona-Dr-92106/home/5345752
3111 Shadowlawn St,San Diego,1663000,3,2.0,1664,N/A,1930,1749798000000,Sold,https://www.redfin.com/CA/San-Diego/3111-Shadowlawn-St-92110/home/5357766
3709 7Th Ave Unit 3,San Diego,815000,2,2.0,812,7001,1984,1747378800000,Sold,https://www.redfin.com/CA/San-Diego/3709-7th-Ave-92103/unit-3/home/5368262
3816 Richmond St,San Diego,990000,2,1.5,990,2627,1940,1747724400000,Sold,https://www.redfin.com/CA/San-Diego/3816-Richmond-St-92103/home/5368683
3675 7th Ave Unit B,San Diego,749999,2,2.0,1450,N/A,1980,1745996400000,Sold,https://www.redfin.com/CA/San-Diego/3675-7th-Ave-92103/unit-B/home/5372218
3625 Herbert St,San Diego,1075000,2,1.0,902,N/A,N/A,1750057200000,Sold,https://www.redfin.com/CA/San-Diego/3625-Herbert-St-92103/home/5373011
3796 Alabama St #125,San Diego,310000,1,1.0,378,N/A,1981,1744700400000,Closed Sale,https://www.redfin.com/CA/San-Diego/3796-Alabama-St-92104/unit-125/home/5379760
3446 28th St,San Diego,2815000,5,3.0,2428,N/A,1916,1749711600000,Sold,https://www.redfin.com/CA/San-Diego/3446-28th-St-92104/home/5386461
6549 Bell Bluff Ave,San Diego,528900,2,1.0,806,N/A,1972,1744786800000,Sold,https://www.redfin.com/CA/San-Diego/6549-Bell-Bluff-Ave-92119/home/5409250
6648 HEMINGWAY Dr,San Diego,1325000,3,2.0,1474,17700,1972,1742972400000,Sold,https://www.redfin.com/CA/San-Diego/6648-Hemingway-Dr-92120/home/5412232
3682 Mission Mesa Way,San Diego,900000,3,2.5,1618,N/A,1984,1744786800000,Sold,https://www.redfin.com/CA/San-Diego/3682-Mission-Mesa-Way-92120/home/5416214
8609 Lake Murray Blvd #11,San Diego,445000,2,2.0,973,N/A,1975,1745564400000,Sold,https://www.redfin.com/CA/San-Diego/8609-Lake-Murray-Blvd-92119/unit-11/home/5422688
6780 Mission Gorge Rd #23,San Diego,710000,2,2.0,1471,100686,1980,1746774000000,Sold,https://www.redfin.com/CA/San-Diego/6780-Mission-Gorge-Rd-92120/unit-23/home/5426950
4935 Glacier Ave,San Diego,903000,3,1.0,1096,7700,1955,1744786800000,Closed Sale,https://www.redfin.com/CA/San-Diego/4935-Glacier-Ave-92120/home/5433037
5161 Dorman,San Diego,1135000,3,2.0,1782,15900,1959,1743750000000,Sold,https://www.redfin.com/CA/San-Diego/5161-Dorman-Dr-92115/home/5434279
5874 Madra Ave,San Diego,1386000,4,3.5,3395,28200,1991,1744959600000,Sold,https://www.redfin.com/CA/San-Diego/5874-Madra-Ave-92120/home/5443133
6425 Crystalaire Dr,San Diego,2135000,5,3.0,3066,14000,1970,1747206000000,Sold,https://www.redfin.com/CA/San-Diego/6425-Crystalaire-Dr-92120/home/5443820
4847 Hart Dr,San Diego,1550000,3,2.0,1798,5939,1939,1749106800000,Sold,https://www.redfin.com/CA/San-Diego/4847-Hart-Dr-92116/home/5455717
4854 BIONA Dr,San Diego,1730000,3,1.5,1698,5617,1935,1747897200000,Closed Sale,https://www.redfin.com/CA/San-Diego/4854-Biona-Dr-92116/home/5455910
4873 Vista St,San Diego,2900000,5,3.5,3035,6304,1927,1747983600000,Sold,https://www.redfin.com/CA/San-Diego/4873-Vista-St-92116/home/5456021
4636 Cajon Way,San Diego,1120000,2,2.0,1240,5000,1928,1747206000000,Sold,https://www.redfin.com/CA/San-Diego/4636-Cajon-Way-92115/home/5466794
5173 Ewing St,San Diego,1120000,2,1.0,1246,17600,1980,1748415600000,Closed Sale,https://www.redfin.com/CA/San-Diego/5173-Ewing-St-92115/home/5470663
4779 62Nd St,San Diego,810000,2,1.0,1038,5000,1955,1748934000000,Sold,https://www.redfin.com/CA/San-Diego/4779-62nd-St-92115/home/5473591
4204 Dwight St,San Diego,639500,2,1.0,674,N/A,1938,1748502000000,Sold,https://www.redfin.com/CA/San-Diego/4204-Dwight-St-92105/home/5504812
4306 53Rd St,San Diego,630000,2,1.0,740,5700,1948,1748588400000,Sold,https://www.redfin.com/CA/San-Diego/4306-53rd-St-92115/home/5509280
6304 Lorca Dr,San Diego,899000,3,1.0,1484,9100,1944,1749193200000,Sold,https://www.redfin.com/CA/San-Diego/6304-Lorca-Dr-92115/home/5515353
3926 ARAGON Dr,San Diego,748400,3,2.0,1121,N/A,1951,1748415600000,Sold,https://www.redfin.com/CA/San-Diego/3926-Aragon-Dr-92115/home/5523764
5939 Dwight St,San Diego,749000,2,1.0,780,8800,1951,1745910000000,Closed Sale,https://www.redfin.com/CA/San-Diego/5939-Dwight-St-92105/home/5541073
6516 College Grove Dr Unit 55,San Diego,453000,2,1.0,854,N/A,1981,1743750000000,Sold,https://www.redfin.com/CA/San-Diego/6516-College-Grove-Dr-92115/unit-55/home/5549231
3052 Macaulay St,San Diego,790000,2,2.5,1080,N/A,1975,1748329200000,Sold,https://www.redfin.com/CA/San-Diego/3052-Macaulay-St-92106/home/5733484
1314 Trieste Dr,San Diego,3200000,4,3.0,2751,11800,1998,1747033200000,Sold,https://www.redfin.com/CA/San-Diego/1314-Trieste-Dr-92107/home/5734944
4414 Piedmont Dr,San Diego,1650000,3,3.0,1647,N/A,1955,1745391600000,Sold,https://www.redfin.com/CA/San-Diego/4414-Piedmont-Dr-92107/home/5737384
3118 Canon St #3,San Diego,875000,2,2.5,1100,10003,1985,1744095600000,Sold,https://www.redfin.com/CA/San-Diego/3118-Canon-St-92106/unit-3/home/5739374
646 San Antonio Ave,San Diego,5350000,4,6.0,3137,N/A,1995,1749106800000,Sold,https://www.redfin.com/CA/San-Diego/646-San-Antonio-Ave-92106/home/5746183
404 San Antonio Ave Unit E,San Diego,1800000,3,2.0,1934,N/A,1974,1745910000000,Sold,https://www.redfin.com/CA/San-Diego/404-San-Antonio-Ave-92106/unit-E/home/5746965
701 Kettner #3,San Diego,817000,2,2.0,1103,N/A,1983,1750057200000,Sold,https://www.redfin.com/CA/San-Diego/701-Kettner-Blvd-92101/unit-3/home/5752611
655 India St #421,San Diego,1230000,3,2.5,1757,N/A,1992,1745996400000,Sold,https://www.redfin.com/CA/San-Diego/655-India-St-92101/unit-421/home/5777454
1742 Rowan St,San Diego,620000,3,1.0,952,5300,1955,1745564400000,Closed Sale,https://www.redfin.com/CA/San-Diego/1742-Rowan-St-92105/home/5828777
2220 Ridge View Dr,San Diego,810000,3,2.0,1528,8200,1952,1744786800000,Closed Sale,https://www.redfin.com/CA/San-Diego/2220-Ridge-View-Dr-92105/home/5833994
1976 Klauber Ave,San Diego,865000,4,3.0,1350,5776,1955,1745478000000,Closed Sale,https://www.redfin.com/CA/San-Diego/1976-Klauber-Ave-92114/home/5852357
1170 Bittern St,San Diego,500000,2,1.0,1140,11042,1948,1745996400000,Sold,https://www.redfin.com/CA/San-Diego/1170-Bittern-St-92114/home/5854551
1172 Bittern St,San Diego,500000,2,1.0,1194,13350,1948,1745996400000,Sold,https://www.redfin.com/CA/San-Diego/1172-Bittern-St-92114/home/5854552
441 Detroit Pl,San Diego,789000,3,2.0,1103,N/A,1960,1743145200000,Sold,https://www.redfin.com/CA/San-Diego/441-Detroit-Pl-92114/home/5884208
719 S 45th St,San Diego,635000,3,2.0,1486,N/A,1955,1747810800000,Sold,https://www.redfin.com/CA/San-Diego/719-S-45th-St-92113/home/5894950
1146 Delta St,National City,287500,2,1.0,795,6211,1954,1744354800000,Sold,https://www.redfin.com/CA/National-City/1146-Delta-St-91950/home/5899318
7706 Bloomfield Rd,San Diego,384000,3,1.5,959,6300,1962,1746428400000,Sold,https://www.redfin.com/CA/San-Diego/7706-Bloomfield-Rd-92114/home/6013071
851 CARDIFF St,San Diego,460000,2,1.0,750,5000,1954,1748847600000,Closed Sale,https://www.redfin.com/CA/San-Diego/851-Cardiff-St-92114/home/6021539
427 Encinitas Ave,San Diego,611050,3,1.0,949,5500,1954,1748502000000,Closed Sale,https://www.redfin.com/CA/San-Diego/427-Encinitas-Ave-92114/home/6023438
515 Palmwood Dr,San Diego,830000,4,2.0,1350,5900,1967,1745996400000,Closed Sale,https://www.redfin.com/CA/San-Diego/515-Palmwood-Dr-92139/home/6036617
2515 Morningside St,San Diego,720000,3,2.0,1190,6800,1957,1743145200000,Sold,https://www.redfin.com/CA/San-Diego/2515-Morningside-St-92139/home/6045743
6334 Calle Pavana,San Diego,856000,3,2.0,1642,6000,1959,1743058800000,Sold,https://www.redfin.com/CA/San-Diego/6334-Calle-Pavana-92139/home/6046954
2848 Alta View Dr Unit D,San Diego,545900,3,2.0,1373,428625,1981,1749193200000,Closed Sale,https://www.redfin.com/CA/San-Diego/2848-Alta-View-Dr-92139/unit-D/home/6051745
6950 Parkside Ave #121,San Diego,605000,3,2.0,1100,218025,1972,1749798000000,Sold,https://www.redfin.com/CA/San-Diego/6950-Parkside-Ave-92139/unit-121/home/6053105
6912 Camphor Ln,San Diego,474000,2,1.0,840,N/A,1972,1749452400000,Sold,https://www.redfin.com/CA/San-Diego/6912-Camphor-Ln-92139/home/6053310
1768 Regency Way Unit D,Chula Vista,605000,4,2.0,1392,N/A,1974,1743145200000,Closed Sale,https://www.redfin.com/CA/Chula-Vista/1768-Regency-Way-91911/unit-D/home/6137737
2757 Elrose Dr,San Diego,775000,3,2.0,1152,N/A,1966,1745910000000,Sold,https://www.redfin.com/CA/San-Diego/2757-Elrose-Dr-92154/home/6153593
1134 Dearborn Dr,San Diego,800000,3,2.0,1152,6000,1965,1750057200000,Sold,https://www.redfin.com/CA/San-Diego/1134-Dearborn-Dr-92154/home/6153632
938 Blackwood Dr,San Diego,512500,3,2.0,989,5000,1968,1745391600000,Closed Sale,https://www.redfin.com/CA/San-Diego/938-Blackwood-Dr-92154/home/6154818
3310 Biscay Dr,San Diego,800000,4,2.0,1338,N/A,1977,1748588400000,Sold,https://www.redfin.com/CA/San-Diego/3310-Biscay-Dr-92154/home/6159964
4066 Coldwell Ln,San Diego,690000,4,2.0,1336,5000,1969,1743750000000,Closed Sale,https://www.redfin.com/CA/San-Diego/4066-Coldwell-Ln-92154/home/6162089
266 E Park Ave,San Ysidro,650000,3,2.0,1008,4156,2022,1744354800000,Closed Sale,https://www.redfin.com/CA/San-Ysidro/266-E-Park-Ave-92173/home/6185004
6234 Varney Dr,San Diego,850000,5,3.0,1788,6800,1978,1747378800000,Sold,https://www.redfin.com/CA/San-Diego/6234-Varney-Dr-92114/home/6231044
5502 HONORS Dr,San Diego,1330000,4,2.0,1464,18000,1963,1743663600000,Closed Sale,https://www.redfin.com/CA/San-Diego/5502-Honors-Dr-92122/home/6234492
4143 Cole Way,San Diego,1000000,3,2.0,1659,9200,1959,1748502000000,Closed Sale,https://www.redfin.com/CA/San-Diego/4143-Cole-Way-92117/home/6236382
6914 Glenroy St,San Diego,1175000,4,3.0,1738,7400,1956,1746687600000,Closed Sale,https://www.redfin.com/CA/San-Diego/6914-Glenroy-St-92120/home/6239667
6828 Hyde Park Dr Unit D,San Diego,600000,3,2.0,1567,376227,1971,1748588400000,Sold,https://www.redfin.com/CA/San-Diego/6828-Hyde-Park-Dr-92119/unit-D/home/6249972
7835 Cowles Mountain Ct Unit B25,San Diego,460000,2,2.0,1048,N/A,1971,1744268400000,Sold,https://www.redfin.com/CA/San-Diego/7835-Cowles-Mountain-Ct-92119/unit-B25/home/6253590
5170 63rd St,San Diego,1200000,4,2.0,1239,4900,1951,1748415600000,Closed Sale,https://www.redfin.com/CA/San-Diego/5170-63rd-St-92115/home/6276059
12672 Carmel Country Rd #48,San Diego,1310000,4,3.0,1608,N/A,1999,1745910000000,Sold,https://www.redfin.com/CA/San-Diego/12672-Carmel-Country-Rd-92130/unit-48/home/6282308
11353 Creekstone Ln,San Diego,1525000,4,3.0,2092,3261,2001,1748588400000,Sold,https://www.redfin.com/CA/San-Diego/11353-Creekstone-Ln-92128/home/6316182
12526 Montellano,San Diego,1365000,3,2.0,1218,3453,1985,1745823600000,Closed Sale,https://www.redfin.com/CA/San-Diego/12526-Montellano-Ter-92130/home/6396695
5350 Caminito Exquisito,San Diego,2050000,5,3.0,2475,4600,1997,1747810800000,Sold,https://www.redfin.com/CA/San-Diego/5350-Caminito-Exquisito-92130/home/6397274
2729-31 Snowdrop St,San Diego,730000,4,2.0,1374,3044,1958,1748502000000,Sold,https://www.redfin.com/CA/San-Diego/2729-Snowdrop-St-92105/unit-31/home/6428406
2655-57 C St,San Diego,1325000,6,4.0,2644,7032,1950,1744009200000,Sold,https://www.redfin.com/CA/San-Diego/2655-C-St-92102/home/6434065
6105 Parkside Ave,San Diego,840000,5,3.0,1998,4100,1972,1745564400000,Sold,https://www.redfin.com/CA/San-Diego/6105-Parkside-Ave-92139/home/6444576
1664 Oro Vis #236,San Diego,505000,3,2.0,1222,N/A,1980,1749798000000,Closed Sale,https://www.redfin.com/CA/San-Diego/1664-Oro-Vista-Rd-92154/unit-236/home/6448709
6589 SUNNY BREA Dr,San Diego,1185000,4,3.0,2010,N/A,1965,1747638000000,Sold,https://www.redfin.com/CA/San-Diego/6589-Sunny-Brae-Dr-92119/home/6453722
500 W Harbor Dr #903,San Diego,1050000,2,2.0,1184,N/A,1994,1746601200000,Closed Sale,https://www.redfin.com/CA/San-Diego/500-W-Harbor-Dr-92101/unit-903/home/6463499
2730 Creekside Village Sq,San Diego,765000,4,2.5,1584,2077,2004,1742886000000,Sold,https://www.redfin.com/CA/San-Diego/2730-Creekside-Village-Sq-92154/home/6490327
235 MARKET #510,San Diego,550000,2,1.5,1036,N/A,2002,1745823600000,Sold,https://www.redfin.com/CA/San-Diego/235-Market-St-92101/unit-510/home/6505378
7718 Via Vivaldi,San Diego,2050000,3,3.5,3117,5424,2003,1750230000000,Sold,https://www.redfin.com/CA/San-Diego/7718-Via-Vivaldi-92127/home/6542280
877 Island Ave #908,San Diego,1190000,1,1.5,1210,N/A,2002,1748588400000,Sold,https://www.redfin.com/CA/San-Diego/877-Island-Ave-92101/unit-908/home/6564621
13330 Via Magdalena #6,San Diego,1070000,3,2.5,1507,67368,2003,1743145200000,Sold,https://www.redfin.com/CA/San-Diego/13330-Via-Magdalena-92129/unit-6/home/6610211
4425 50Th St #4,San Diego,325000,1,1.0,560,15678,1964,1744614000000,Sold,https://www.redfin.com/CA/San-Diego/4425-50th-St-92115/unit-4/home/6616709
1199 Pacific Hwy #2005,San Diego,1375000,3,2.0,1447,N/A,2004,1746514800000,Sold,https://www.redfin.com/CA/San-Diego/1199-Pacific-Hwy-92101/unit-2005/home/6620830
15086 Avenida Venusto #223,San Diego,496000,1,1.0,708,127349,1988,1747292400000,Sold,https://www.redfin.com/CA/San-Diego/15086-Avenida-Venusto-92128/unit-223/home/6637138
14918 Avenida Venusto #136,San Diego,501000,1,1.0,708,N/A,1988,1747810800000,Sold,https://www.redfin.com/CA/San-Diego/14918-Avenida-Venusto-92128/unit-136/home/6637571
8219 Jade Coast Rd #98,San Diego,425000,1,1.0,503,205576,1990,1747724400000,Sold,https://www.redfin.com/CA/San-Diego/8219-Jade-Coast-Rd-92126/unit-98/home/6644743
7509 Draper Ave #310,La Jolla,1225000,2,2.0,944,N/A,2000,1744959600000,Sold,https://www.redfin.com/CA/La-Jolla/7509-Draper-Ave-92037/unit-310/home/6650630
5410 La Jolla Blvd Unit A212,La Jolla,1500000,2,1.5,1340,N/A,2005,1745218800000,Sold,https://www.redfin.com/CA/La-Jolla/5410-La-Jolla-Blvd-92037/unit-A212/home/6650927
202 Coast Blvd #6,La Jolla,7250000,3,2.5,2194,N/A,2000,1745564400000,Sold,https://www.redfin.com/CA/La-Jolla/202-Coast-Blvd-92037/unit-6/home/6668927
801 W Hawthorn St #106,San Diego,600000,2,2.5,1018,15020,2004,1742886000000,Sold,https://www.redfin.com/CA/San-Diego/801-W-Hawthorn-St-92101/unit-106/home/6673808
801 W Hawthorn St #208,San Diego,560000,2,2.0,786,N/A,2004,1742799600000,Sold,https://www.redfin.com/CA/San-Diego/801-W-Hawthorn-St-92101/unit-208/home/6673818
1205 Pacific Hwy #1201,San Diego,1539000,3,2.0,1944,N/A,2005,1748329200000,Sold,https://www.redfin.com/CA/San-Diego/1205-Pacific-Hwy-92101/unit-1201/home/6675306
1643 6th Ave #304,San Diego,625000,2,2.0,1090,N/A,2004,1747206000000,Sold,https://www.redfin.com/CA/San-Diego/1643-6th-Ave-92101/unit-304/home/6675721
427 9Th Ave #1204,San Diego,675000,1,1.0,871,N/A,2005,1750402800000,Sold,https://www.redfin.com/CA/San-Diego/427-9th-Ave-92101/unit-1204/home/6677724
3835 Elijah Ct #526,San Diego,810000,2,2.0,1102,N/A,2002,1743145200000,Sold,https://www.redfin.com/CA/San-Diego/3835-Elijah-Ct-92130/unit-526/home/6684261
6602 Beadnell Way #21,San Diego,515000,2,2.0,923,66527,1994,1744700400000,Sold,https://www.redfin.com/CA/San-Diego/6602-Beadnell-Way-92117/unit-21/home/6685735
7150 Shoreline Dr #3214,San Diego,515000,1,1.0,597,N/A,1985,1744614000000,Sold,https://www.redfin.com/CA/San-Diego/7150-Shoreline-Dr-92122/unit-3214/home/6746316
4230 Montalvo St #5,San Diego,449000,1,1.0,597,N/A,1986,1745996400000,Sold,https://www.redfin.com/CA/San-Diego/4230-Montalvo-St-92107/unit-5/home/6791166
3624 Canon,San Diego,2495000,3,3.5,2675,26571,2005,1749020400000,Sold,https://www.redfin.com/CA/San-Diego/3624-Canon-St-92106/home/7486037
14420 Rancho Del Prado Trl,San Diego,3227500,4,3.5,4000,17109,2004,1749452400000,Sold,https://www.redfin.com/CA/San-Diego/14420-Rancho-del-Prado-Trl-92127/home/7495688
18317 Rousillon Ct,San Diego,2060000,4,3.5,3459,12031,2003,1745478000000,Sold,https://www.redfin.com/CA/San-Diego/18317-Rousillon-Ct-92128/home/7496157
2500 6Th Ave #605,San Diego,2300000,3,2.5,3223,29702,2005,1749452400000,Sold,https://www.redfin.com/CA/San-Diego/2500-6th-Ave-92103/unit-605/home/7530553
2500 6Th Ave #905,San Diego,2650000,2,2.5,3223,29702,2005,1749452400000,Sold,https://www.redfin.com/CA/San-Diego/2500-6th-Ave-92103/unit-905/home/7533849
2500 6th Ave #1008,San Diego,2845000,3,2.5,2625,N/A,2005,1743490800000,Sold,https://www.redfin.com/CA/San-Diego/2500-6th-Ave-92103/unit-1008/home/7533854
101 Market St #412,San Diego,760000,3,3.5,1496,N/A,2002,1745391600000,Sold,https://www.redfin.com/CA/San-Diego/101-Market-St-92101/unit-412/home/7543491
1049 Felspar St #5,San Diego,490000,0,1.0,405,N/A,1986,1746601200000,Sold,https://www.redfin.com/CA/San-Diego/1049-Felspar-St-92109/unit-5/home/12158981
700 W E St #1706,San Diego,1575000,2,2.0,1548,N/A,2008,1745564400000,Sold,https://www.redfin.com/CA/San-Diego/700-W-E-St-92101/unit-1706/home/12159340
4455 Home Ave #6,San Diego,416000,2,1.5,780,N/A,1986,1750057200000,Closed Sale,https://www.redfin.com/CA/San-Diego/4455-Home-Ave-92105/unit-6/home/12159497
700 W E St #4301,San Diego,2325000,3,2.0,1693,N/A,2007,1747897200000,Sold,https://www.redfin.com/CA/San-Diego/700-W-E-St-92101/unit-4301/home/12159659
2313 Gardenia Way,National City,780612,4,2.5,1735,129637,2007,1743145200000,Sold,https://www.redfin.com/CA/National-City/2313-Gardenia-Way-91950/home/12163280
3548 Sandcastle Ln,San Diego,890000,2,2.0,1386,N/A,2007,1750143600000,Closed Sale,https://www.redfin.com/CA/San-Diego/3548-Sandcastle-Ln-92110/home/12163319
1262 Kettner Blvd #901,San Diego,1579000,2,2.0,1949,N/A,2008,1744959600000,Sold,https://www.redfin.com/CA/San-Diego/1262-Kettner-Blvd-92101/unit-901/home/12330540
5438 Caminito Bayo,La Jolla,2525000,3,3.0,2428,4097,2011,1748329200000,Sold,https://www.redfin.com/CA/La-Jolla/5438-Caminito-Bayo-92037/home/17193577
325 7th Ave #212,San Diego,1525000,3,2.5,1802,N/A,2007,1745564400000,Sold,https://www.redfin.com/CA/San-Diego/325-7th-Ave-92101/unit-212/home/17202222
1441 9th Ave #905,San Diego,869000,2,2.0,1253,22202,2008,1744268400000,Closed Sale,https://www.redfin.com/CA/San-Diego/1441-9th-Ave-92101/unit-905/home/18712231
3439 Ibis St,San Diego,1775000,3,3.0,2157,6371,2013,1749538800000,Sold,https://www.redfin.com/CA/San-Diego/3439-Ibis-St-92103/home/22572620
17917 Alva Rd,San Diego,2350000,5,4.0,3690,8062,2011,1745996400000,Closed Sale,https://www.redfin.com/CA/San-Diego/17917-Alva-Rd-92127/home/22636969
8122 Twilight Point Way,San Diego,4500000,5,5.5,5288,N/A,2014,1748415600000,Sold,https://www.redfin.com/CA/San-Diego/8122-Twilight-Point-Way-92127/home/22900807
702 Ash St #904,San Diego,630000,2,1.5,1032,N/A,1927,1747983600000,Sold,https://www.redfin.com/CA/San-Diego/702-Ash-St-92101/unit-904/home/40156498
16604 Sweet Leilani Ln,San Diego,3700000,4,5.5,3563,12548,2012,1749106800000,Closed Sale,https://www.redfin.com/CA/San-Diego/16604-Sweet-Leilani-Ln-92127/home/40520317
1780 Chalcedony St,San Diego,1350000,2,1.0,768,3654,1942,1744614000000,Closed Sale,https://www.redfin.com/CA/San-Diego/1780-Chalcedony-St-92109/home/52267518
8543 Aspect Dr,San Diego,1390000,3,2.5,1666,110249,2017,1745910000000,Sold,https://www.redfin.com/CA/San-Diego/8543-Aspect-Dr-92108/home/145147619
6932 The Preserve Ter,San Diego,6500000,7,7.5,7868,25700,2020,1745564400000,Closed Sale,https://www.redfin.com/CA/San-Diego/6932-The-Preserve-Ter-92130/home/161867568
16750 Coyote Bush Dr #20,San Diego,1110000,2,2.5,1787,N/A,2018,1749193200000,Sold,https://www.redfin.com/CA/San-Diego/16750-Coyote-Bush-Dr-92127/unit-20/home/167684454
1206 Muirlands Dr,La Jolla,17500000,7,9.0,7792,26540,2021,1747378800000,Closed Sale,https://www.redfin.com/CA/La-Jolla/1206-Muirlands-Dr-92037/home/168920725
2604 5th Ave #704,San Diego,2525000,2,2.0,2249,N/A,2018,1743145200000,Sold,https://www.redfin.com/CA/San-Diego/2604-5th-Ave-92103/unit-704/home/170660145
5503 Sandcliff Ln #150,San Diego,620000,2,2.5,1310,N/A,2020,1747724400000,Sold,https://www.redfin.com/CA/San-Diego/5503-Sandcliff-Ln-92154/unit-150/home/172051297
10930 Tyler Way,San Diego,1020000,2,2.0,1454,N/A,2019,1743058800000,Sold,https://www.redfin.com/CA/San-Diego/10930-Tyler-Way-92129/home/172700705
5460 Shorefront Dr #137,San Diego,679000,4,2.5,1703,N/A,2023,1746082800000,Sold,https://www.redfin.com/CA/San-Diego/5460-Shorefront-Dr-92154/unit-137/home/185187019
4473 30Th St #208,San Diego,1195000,2,2.5,1473,14052,2024,1747897200000,Sold,https://www.redfin.com/CA/San-Diego/4473-30th-St-92116/unit-208/home/192901008
8301 Mission gorge Rd #139,Santee,302000,2,2.0,1344,1344,1969,1743490800000,Closed Sale,https://www.redfin.com/CA/Santee/8301-Mission-Gorge-Rd-92071/unit-139/home/193633760
4473 30Th St #401,San Diego,1425000,2,2.0,1221,14052,2024,1745391600000,Sold,https://www.redfin.com/CA/San-Diego/4473-30th-St-92116/unit-401/home/194544800
4473 30th St #203,San Diego,1095000,2,2.5,1438,14052,2024,1749452400000,Sold,https://www.redfin.com/CA/San-Diego/4473-30th-St-92116/unit-203/home/194545211
4473 30th St #213,San Diego,985000,2,2.5,1372,14052,2024,1748329200000,Sold,https://www.redfin.com/CA/San-Diego/4473-30th-St-92116/unit-213/home/194545289
4473 30Th St #206,San Diego,1095000,2,2.5,1437,14052,2024,1749538800000,Sold,https://www.redfin.com/CA/San-Diego/4473-30th-St-92116/unit-206/home/194564180
1956 Hornblend St #9,San Diego,1165000,2,2.5,1272,N/A,2023,1748329200000,Sold,https://www.redfin.com/CA/San-Diego/1956-Hornblend-St-92109/unit-9/home/194679901
10770 Black Mountain Rd Spc 179,San Diego,408000,3,2.0,1535,868935,2022,1746169200000,Sold,https://www.redfin.com/CA/San-Diego/10770-Black-Mountain-Rd-92126/unit-179/home/194689547
4473 30th St #210,San Diego,1195000,2,2.5,1431,14052,2024,1744700400000,Sold,https://www.redfin.com/CA/San-Diego/4473-30th-St-92116/unit-210/home/194809339
12615 paseo del verano,San Diego,630000,3,2.0,1455,N/A,1973,1743058800000,Sold,https://www.redfin.com/CA/San-Diego/12615-Paseo-Del-Verano-92128/home/194955872
4473 30th St #211,San Diego,995000,2,2.5,1410,14052,2024,1744959600000,Sold,https://www.redfin.com/CA/San-Diego/4473-30th-St-92116/unit-211/home/195080797
12824 Corte Arauco,San Diego,871200,3,2.0,1471,175160,1987,1746082800000,Sold,https://www.redfin.com/CA/San-Diego/12824-Corte-Arauco-92128/home/195160773
2950 Iris Ave Spc 24,San Diego,97000,2,1.0,684,N/A,1971,1745478000000,Closed Sale,https://www.redfin.com/CA/San-Diego/2950-Iris-Ave-92154/unit-24/home/195233233
814-816 Niantic Ct,San Diego,1500000,3,2.0,1372,2663,1940,1744959600000,Sold,https://www.redfin.com/CA/San-Diego/814-Niantic-Ct-92109/home/195262411
818-820 Ostend Ct,San Diego,1400000,N/A,N/A,2437,2437,1940,1745478000000,Closed Sale,https://www.redfin.com/CA/San-Diego/818-Ostend-Ct-92109/home/195264225
4473 30Th St #217,San Diego,1195000,2,2.5,1431,14052,2024,1747983600000,Sold,https://www.redfin.com/CA/San-Diego/4473-30th-St-92116/unit-217/home/195281458
5937-39 Cumberland St,San Diego,1105000,6,4.0,N/A,8314,1955,1749020400000,Sold,https://www.redfin.com/CA/San-Diego/5937-Cumberland-St-92139/home/195342720
5420 La Jolla Blvd #102,La Jolla,2400000,2,2.0,1827,N/A,2005,1745305200000,Sold,https://www.redfin.com/CA/La-Jolla/5420-La-Jolla-Blvd-92037/unit-102/home/195490823
2611 Everly Dr,San Diego,1835888,4,3.5,2301,N/A,2025,1745564400000,Closed Sale,https://www.redfin.com/CA/San-Diego/2611-Everly-Dr-92108/home/195515841
8069 Caminito Gianna,La Jolla,1000000,3,2.5,1550,735512,1979,1748588400000,Sold,https://www.redfin.com/CA/La-Jolla/8069-Caminito-Gianna-92037/home/195597780
10718 Dabney Dr,San Diego,479000,1,1.0,598,184258,1990,1750402800000,Closed Sale,https://www.redfin.com/CA/San-Diego/10718-Dabney-Dr-92126/home/195783274
4229 Saint James Pl,San Diego,2800000,6,3.5,3474,13336,1911,1748588400000,Sold,https://www.redfin.com/CA/San-Diego/4229-Saint-James-Pl-92103/home/195844674
4115-17 Idaho St,San Diego,1150000,4,2.0,N/A,4198,1923,1749625200000,Sold,https://www.redfin.com/CA/San-Diego/4115-Idaho-St-92104/home/196052692
12172 Caddy Row,San Diego,1310000,3,2.0,1642,6083,1986,1745823600000,Closed Sale,https://www.redfin.com/CA/San-Diego/12172-Caddy-Row-92128/home/4258541
14004 Venice Ct,San Diego,1750000,3,3.0,2302,N/A,1989,N/A,N/A,https://www.redfin.com/CA/San-Diego/14004-Venice-Ct-92109/home/4450710
13297 Glencliff Way,San Diego,2600000,4,3.5,3407,17529,1989,N/A,N/A,https://www.redfin.com/CA/San-Diego/13297-Glencliff-Way-92130/home/4470277
8862 La Cartera St,San Diego,1108000,3,2.0,1486,5933,1987,N/A,N/A,https://www.redfin.com/CA/San-Diego/8862-La-Cartera-St-92129/home/4486292
4615 Da Vinci St,San Diego,1255000,3,3.0,2000,3215,1992,N/A,N/A,https://www.redfin.com/CA/San-Diego/4615-Da-Vinci-St-92130/home/4513613
4421 Carmel Valley Rd,San Diego,3950000,5,6.0,5643,74488,2001,N/A,N/A,https://www.redfin.com/CA/San-Diego/4421-Carmel-Valley-Rd-92130/home/4520929
11355 Camarosa Cir,San Diego,900000,3,2.0,1433,5200,1977,N/A,N/A,https://www.redfin.com/CA/San-Diego/11355-Camarosa-Cir-92126/home/4541862
7634 Trailbrush Ter,San Diego,1200000,4,3.0,2104,7405,1992,N/A,N/A,https://www.redfin.com/CA/San-Diego/7634-Trailbrush-Ter-92126/home/4560149
10825 Camino Ruiz #51,San Diego,416000,1,1.0,662,N/A,1984,N/A,N/A,https://www.redfin.com/CA/San-Diego/10825-Camino-Ruiz-92126/unit-51/home/4571784
12132 Royal Birkdale Row #406,San Diego,729000,2,2.0,1457,N/A,1987,N/A,N/A,https://www.redfin.com/CA/San-Diego/12132-Royal-Birkdale-Row-92128/unit-406/home/4633941
11922 Cypress Canyon Rd #2,San Diego,870000,2,3.0,1129,N/A,1999,N/A,N/A,https://www.redfin.com/CA/San-Diego/11922-Cypress-Canyon-Rd-92131/unit-2/home/4831141
7857 Embry Pt,San Diego,655000,5,3.0,2176,5985,1984,N/A,N/A,https://www.redfin.com/CA/San-Diego/7857-Embry-Pt-92126/home/4857978
8069 Caminito Gianna #186,La Jolla,1000000,3,3.0,1450,N/A,1979,N/A,N/A,https://www.redfin.com/CA/La-Jolla/8069-Caminito-Gianna-92037/unit-186/home/4885734
4165 Porte de Palmas #195,San Diego,1100000,3,3.0,1394,N/A,1986,N/A,N/A,https://www.redfin.com/CA/San-Diego/4165-Porte-de-Palmas-92122/unit-195/home/4888859
6333 La Jolla Blvd #276,La Jolla,870000,2,2.0,989,N/A,1970,N/A,N/A,https://www.redfin.com/CA/La-Jolla/6333-La-Jolla-Blvd-92037/unit-276/home/4918358
733 Queenstown Ct #729,San Diego,2038000,N/A,N/A,2082,2500,1936,N/A,N/A,https://www.redfin.com/CA/San-Diego/733-Queenstown-Ct-92109/unit-729/home/5182669
3184 Old Heather Rd,San Diego,1100000,3,3.0,1562,2601,1983,N/A,N/A,https://www.redfin.com/CA/San-Diego/3184-Old-Heather-Rd-92111/home/5206803
1945 Frankfort St #1943,San Diego,3250000,6,5.0,3047,7300,2000,N/A,N/A,https://www.redfin.com/CA/San-Diego/1945-Frankfort-St-92110/unit-1943/home/5218371
2045 Burton St #49,San Diego,550000,2,2.0,1138,N/A,1994,N/A,N/A,https://www.redfin.com/CA/San-Diego/2045-Burton-St-92111/unit-49/home/5221613
2478 E Ingersoll St,San Diego,1500000,7,3.0,2608,10999,1942,N/A,N/A,https://www.redfin.com/CA/San-Diego/2478-E-Ingersoll-St-92111/home/5225788
3050 Rue Dorleans #352,San Diego,420000,1,1.0,547,N/A,1969,N/A,N/A,https://www.redfin.com/CA/San-Diego/3050-Rue-Dorleans-92110/unit-352/home/5274052
3724 Nile St,San Diego,1080000,2,1.0,658,3498,1931,N/A,N/A,https://www.redfin.com/CA/San-Diego/3724-Nile-St-92104/home/5313241
4534 39th St #38,San Diego,1300000,4,4.0,2252,5166,1928,N/A,N/A,https://www.redfin.com/CA/San-Diego/4534-39th-St-92116/unit-38/home/5314688
4429 36th St #31,San Diego,1320000,5,3.0,1760,4125,1926,N/A,N/A,https://www.redfin.com/CA/San-Diego/4429-36th-St-92116/unit-31/home/5315621
4483 38th St,San Diego,625000,2,1.0,713,4062,1926,1743490800000,Closed Sale,https://www.redfin.com/CA/San-Diego/4483-38th-St-92116/home/5316222
3912 Polk Ave,San Diego,500000,2,1.0,784,2252,2024,N/A,N/A,https://www.redfin.com/CA/San-Diego/3912-Polk-Ave-92105/home/5319653
3875 37th St #3875,San Diego,1325000,7,3.0,2346,3498,2021,N/A,N/A,https://www.redfin.com/CA/San-Diego/3875-37th-St-92105/unit-3875/home/5321660
1883 Froude St #1885,San Diego,2250000,4,2.0,1789,7000,1953,N/A,N/A,https://www.redfin.com/CA/San-Diego/1883-Froude-St-92107/unit-1885/home/5338422
4585 Saratoga Ave #87,San Diego,1650000,3,3.0,1729,3502,1967,N/A,N/A,https://www.redfin.com/CA/San-Diego/4585-Saratoga-Ave-92107/unit-87/home/5338621
2133 Chatsworth Blvd #101,San Diego,590000,1,1.0,825,N/A,1982,N/A,N/A,https://www.redfin.com/CA/San-Diego/2133-Chatsworth-Blvd-92107/unit-101/home/5346718
811 W Pennsylvania Ave,San Diego,864000,3,1.0,1572,7000,2021,N/A,N/A,https://www.redfin.com/CA/San-Diego/811-W-Pennsylvania-Ave-92103/home/5362027
6548 Bell Bluff Ave,San Diego,391000,2,1.0,820,N/A,1972,N/A,N/A,https://www.redfin.com/CA/San-Diego/6548-Bell-Bluff-Ave-92119/home/5409537
5669 Mary Lane Dr,San Diego,2139000,4,2.0,1920,6400,1953,N/A,N/A,https://www.redfin.com/CA/San-Diego/5669-Mary-Lane-Dr-92115/home/5462609
5885 El Cajon Blvd #305,San Diego,372000,2,2.0,1123,N/A,1984,N/A,N/A,https://www.redfin.com/CA/San-Diego/5885-El-Cajon-Blvd-92115/unit-305/home/5468615
6244 Pembroke Dr,San Diego,960000,3,2.0,1568,5700,1952,N/A,N/A,https://www.redfin.com/CA/San-Diego/6244-Pembroke-Dr-92115/home/5472746
6666 Vigo Dr,La Mesa,923000,4,4.0,2247,10100,1960,N/A,N/A,https://www.redfin.com/CA/La-Mesa/6666-Vigo-Dr-91942/home/5526689
2809 46th St,San Diego,980000,5,3.0,1911,3498,1960,N/A,N/A,https://www.redfin.com/CA/San-Diego/2809-46th-St-92105/home/5535505
3312 Winlow St,San Diego,710000,3,2.0,1410,7100,1950,1746601200000,Closed Sale,https://www.redfin.com/CA/San-Diego/3312-Winlow-St-92105/home/5540168
5317 Caminito Mindy,San Diego,310000,2,2.0,994,N/A,1973,N/A,N/A,https://www.redfin.com/CA/San-Diego/5317-Caminito-Mindy-92105/home/5547082
424 San Elijo St,San Diego,3412500,4,3.0,2842,15002,1940,N/A,N/A,https://www.redfin.com/CA/San-Diego/424-San-Elijo-St-92106/home/5747299
701 Kettner Blvd #201,San Diego,375000,1,1.0,592,N/A,1985,N/A,N/A,https://www.redfin.com/CA/San-Diego/701-Kettner-Blvd-92101/unit-201/home/5752540
305 S Pardee St #12,San Diego,1099000,6,3.0,2912,9026,1967,N/A,N/A,https://www.redfin.com/CA/San-Diego/305-S-Pardee-St-92113/unit-12/home/5865382
215 Southlook Ave #17,San Diego,799000,4,2.0,1518,6098,2024,N/A,N/A,https://www.redfin.com/CA/San-Diego/215-Southlook-Ave-92113/unit-17/home/5865605
4250 Ocean View Blvd,San Diego,975000,5,3.0,2446,12528,1950,N/A,N/A,https://www.redfin.com/CA/San-Diego/4250-Ocean-View-Blvd-92113/home/5873444
249 San Jacinto Dr #243,San Diego,1355000,12,4.0,3648,9627,1959,N/A,N/A,https://www.redfin.com/CA/San-Diego/249-San-Jacinto-Dr-92114/unit-243/home/5874632
3446 Newton Ave #48,San Diego,850000,4,2.0,1414,5602,N/A,N/A,N/A,https://www.redfin.com/CA/San-Diego/3446-Newton-Ave-92113/unit-48/home/5890629
4043 National Ave #4041,San Diego,798000,3,2.0,1024,7000,1938,N/A,N/A,https://www.redfin.com/CA/San-Diego/4043-National-Ave-92113/unit-4041/home/5894270
4406 Delta St #15,San Diego,270000,2,2.0,1056,N/A,1981,N/A,N/A,https://www.redfin.com/CA/San-Diego/4406-Delta-St-92113/unit-15/home/5897964
37 E 1st St #331,National City,1175000,6,4.0,2400,6107,1952,N/A,N/A,https://www.redfin.com/CA/National-City/37-E-1st-St-91950/unit-331/home/5911951
7247 Terra Cotta Rd,San Diego,780000,4,3.0,1804,8729,1989,N/A,N/A,https://www.redfin.com/CA/San-Diego/7247-Terra-Cotta-Rd-92114/home/6020212
5937 Cumberland St #39,San Diego,1105000,6,4.0,2827,8300,1955,N/A,N/A,https://www.redfin.com/CA/San-Diego/5937-Cumberland-St-92139/unit-39/home/6044951
6622 Birchwood St,San Diego,1015000,3,2.0,1565,5500,1965,N/A,N/A,https://www.redfin.com/CA/San-Diego/6622-Birchwood-St-92120/home/6241155
12713 Caminito Cancion #122,San Diego,285000,2,2.0,1372,N/A,1974,N/A,N/A,https://www.redfin.com/CA/San-Diego/12713-Caminito-Cancion-92128/unit-122/home/6393329
5020 Manor Ridge Ln,San Diego,2435000,5,4.0,3094,6055,1999,N/A,N/A,https://www.redfin.com/CA/San-Diego/5020-Manor-Ridge-Ln-92130/home/6397037
4603 Bermuda Ave #5,San Diego,2450000,5,4.0,2471,5001,1980,N/A,N/A,https://www.redfin.com/CA/San-Diego/4603-Bermuda-Ave-92107/unit-5/home/6422365
5990 Dandridge Ln #171,San Diego,360000,3,2.0,1193,N/A,1985,N/A,N/A,https://www.redfin.com/CA/San-Diego/5990-Dandridge-Ln-92115/unit-171/home/6427695
500 W Harbor Dr #302,San Diego,1400000,3,3.0,1556,N/A,1994,N/A,N/A,https://www.redfin.com/CA/San-Diego/500-W-Harbor-Dr-92101/unit-302/home/6455313
16102 Cayenne Ridge Rd,San Diego,2625000,5,4.5,3802,8422,2004,1747033200000,Sold,https://www.redfin.com/CA/San-Diego/16102-Cayenne-Ridge-Rd-92127/home/6575496
Walmar Ln,San Diego,600000,N/A,N/A,N/A,6009,2000,N/A,N/A,https://www.redfin.com/CA/San-Diego/Walmar-Ln-92109/home/6575662
6333 College Grove Way,San Diego,450000,2,2.0,865,N/A,1973,N/A,N/A,https://www.redfin.com/CA/San-Diego/6333-College-Grove-Way-92115/home/6640076
3815 3rd Ave #36,San Diego,595000,2,1.0,832,N/A,1969,N/A,N/A,https://www.redfin.com/CA/San-Diego/3815-3rd-Ave-92103/unit-36/home/7542586
1918 Columbia St #3,San Diego,650000,1,1.0,792,N/A,2006,1745996400000,Sold,https://www.redfin.com/CA/San-Diego/1918-Columbia-St-92101/unit-3/home/12156263
211 S 47th St #6,San Diego,315000,3,2.0,858,N/A,1997,N/A,N/A,https://www.redfin.com/CA/San-Diego/211-S-47th-St-92113/unit-6/home/12158279
350 11th Ave #219,San Diego,287500,1,1.0,794,N/A,2007,N/A,N/A,https://www.redfin.com/CA/San-Diego/350-11th-Ave-92101/unit-219/home/12161100
4336 Felton St #1,San Diego,467000,1,1.0,560,N/A,1989,N/A,N/A,https://www.redfin.com/CA/San-Diego/4336-Felton-St-92104/unit-1/home/12161686
1122 Oliver Ave,San Diego,2200000,3,4.0,2331,3126,2017,N/A,N/A,https://www.redfin.com/CA/San-Diego/1122-Oliver-Ave-92109/home/95963473
7760 Herschel Ave,La Jolla,3400000,N/A,N/A,N/A,7000,2000,N/A,N/A,https://www.redfin.com/CA/La-Jolla/7760-Herschel-Ave-92037/home/162634273
La Callecita,San Diego,378000,0,N/A,N/A,4871,N/A,1747292400000,Sold,https://www.redfin.com/CA/San-Diego/La-Callecita-St-92103/home/22655705
Dillons Truck Trl,San Diego,290000,0,N/A,N/A,39639,N/A,1745305200000,Sold,https://www.redfin.com/CA/San-Diego/Dillons-Truck-Trl-92173/home/162672000
Union St,San Diego,43500,N/A,N/A,N/A,5001,2000,N/A,N/A,https://www.redfin.com/CA/San-Diego/Union-St-92103/home/22402018
Reynard Way,San Diego,43500,N/A,N/A,N/A,5001,2000,N/A,N/A,https://www.redfin.com/CA/San-Diego/Reynard-Way-92103/home/22804427
